"covariate1"	"covariate2"	"covariate3"	"covariate4"	"covariate5"
"1"	-1.33026307094665	-0.59056655777495	-0.771981152205863	-0.224117491123927	0.210009679329656
"2"	1.44924246169204	1.42983038091079	1.64701506842472	1.35835938701579	0.311517454813424
"3"	0.228794250906077	0.425207518215416	0.225797864435651	0.55875037086146	-1.26124681380998
"4"	-0.266828703588489	-1.19195475314742	-0.681729417405868	-1.27035798663625	-0.628768389876028
"5"	-0.0809449380629789	-0.0725165882038347	-0.419102363248636	-0.422634280117067	1.36848806954292
