"covariate1"	"covariate2"	"covariate3"	"covariate4"	"covariate5"	"covariate6"	"covariate7"	"covariate8"	"covariate9"	"covariate10"
"1"	0.319721566636806	-1.50325583771732	-0.00288880216868546	0.978678894151975	0.477959552637045	-0.441690290688283	0.0665327937262368	0.99056676361867	-0.386284315456562	0.919441396688279
"2"	1.27691708274979	-0.278715534627095	0.0755215528755713	0.0244186922683367	1.42965819913392	1.7862967989213	1.54460360643276	0.676789921879734	0.00510069579210538	0.108030948917388
"3"	-1.22417186190708	-0.00032462689796214	-1.31057687840966	-0.856270324912112	-1.05466813828467	-0.361068777856881	-1.18847787157072	-1.05388331539443	-1.13299380581036	-0.597175055210887
"4"	-0.777544810100196	0.698469618262508	1.4880012820007	-1.14523762701544	-0.0718301280814548	-0.489585130376189	-0.443679559372945	0.487583168053781	1.59991633705369	0.945403143070855
"5"	0.405078022620678	1.08382638097987	-0.250057154297927	0.998410365507245	-0.78111948540484	-0.493952599999942	0.0210210307846687	-1.10105653815775	-0.0857389115788756	-1.37570043346564
